CRE;SECTION;CANDIDATURE;GENRE;EFFECTIF
Tunis 1;lettres;Public;M;132
Tunis 1;lettres;Public;F;584
Tunis 1;lettres;Privé;M;38
Tunis 1;lettres;Privé;F;83
Tunis 1;lettres;Libre;M;3
Tunis 1;lettres;Libre;F;31
Tunis 1;mathématiques;Public;M;275
Tunis 1;mathématiques;Public;F;267
Tunis 1;mathématiques;Privé;M;24
Tunis 1;mathématiques;Privé;F;7
Tunis 1;mathématiques;Libre;M;1
Tunis 1;mathématiques;Libre;F;8
Tunis 1;sciences expérimentales;Public;M;266
Tunis 1;sciences expérimentales;Public;F;892
Tunis 1;sciences expérimentales;Privé;M;47
Tunis 1;sciences expérimentales;Privé;F;93
Tunis 1;sciences expérimentales;Libre;M;9
Tunis 1;sciences expérimentales;Libre;F;36
Tunis 1;économie&gestion;Public;M;784
Tunis 1;économie&gestion;Public;F;1183
Tunis 1;économie&gestion;Privé;M;372
Tunis 1;économie&gestion;Privé;F;294
Tunis 1;économie&gestion;Libre;M;26
Tunis 1;économie&gestion;Libre;F;27
Tunis 1;sciences techniques;Public;M;231
Tunis 1;sciences techniques;Public;F;175
Tunis 1;sciences techniques;Privé;M;27
Tunis 1;sciences techniques;Privé;F;11
Tunis 1;sciences techniques;Libre;M;5
Tunis 1;sciences techniques;Libre;F;7
Tunis 1;sciences de l'informatique;Public;M;461
Tunis 1;sciences de l'informatique;Public;F;199
Tunis 1;sciences de l'informatique;Privé;M;92
Tunis 1;sciences de l'informatique;Privé;F;29
Tunis 1;sciences de l'informatique;Libre;M;7
Tunis 1;sciences de l'informatique;Libre;F;6
Tunis 1;sport;Public;M;77
Tunis 1;sport;Public;F;54
Tunis 2;lettres;Public;M;96
Tunis 2;lettres;Public;F;391
Tunis 2;lettres;Privé;M;28
Tunis 2;lettres;Privé;F;57
Tunis 2;lettres;Libre;M;11
Tunis 2;lettres;Libre;F;28
Tunis 2;mathématiques;Public;M;208
Tunis 2;mathématiques;Public;F;200
Tunis 2;mathématiques;Privé;M;6
Tunis 2;mathématiques;Privé;F;8
Tunis 2;mathématiques;Libre;M;2
Tunis 2;mathématiques;Libre;F;3
Tunis 2;sciences expérimentales;Public;M;203
Tunis 2;sciences expérimentales;Public;F;780
Tunis 2;sciences expérimentales;Privé;M;85
Tunis 2;sciences expérimentales;Privé;F;128
Tunis 2;sciences expérimentales;Libre;M;9
Tunis 2;sciences expérimentales;Libre;F;33
Tunis 2;économie&gestion;Public;M;671
Tunis 2;économie&gestion;Public;F;1157
Tunis 2;économie&gestion;Privé;M;306
Tunis 2;économie&gestion;Privé;F;230
Tunis 2;économie&gestion;Libre;M;26
Tunis 2;économie&gestion;Libre;F;39
Tunis 2;sciences techniques;Public;M;406
Tunis 2;sciences techniques;Public;F;245
Tunis 2;sciences techniques;Privé;M;66
Tunis 2;sciences techniques;Privé;F;22
Tunis 2;sciences techniques;Libre;M;10
Tunis 2;sciences techniques;Libre;F;14
Tunis 2;sciences de l'informatique;Public;M;392
Tunis 2;sciences de l'informatique;Public;F;284
Tunis 2;sciences de l'informatique;Privé;M;117
Tunis 2;sciences de l'informatique;Privé;F;25
Tunis 2;sciences de l'informatique;Libre;M;7
Tunis 2;sciences de l'informatique;Libre;F;8
Tunis 2;sport;Public;M;21
Tunis 2;sport;Public;F;16
Ariana;lettres;Public;M;119
Ariana;lettres;Public;F;570
Ariana;lettres;Privé;M;7
Ariana;lettres;Privé;F;28
Ariana;lettres;Libre;M;7
Ariana;lettres;Libre;F;24
Ariana;mathématiques;Public;M;274
Ariana;mathématiques;Public;F;255
Ariana;mathématiques;Privé;F;1
Ariana;mathématiques;Libre;M;3
Ariana;mathématiques;Libre;F;5
Ariana;sciences expérimentales;Public;M;226
Ariana;sciences expérimentales;Public;F;932
Ariana;sciences expérimentales;Privé;M;15
Ariana;sciences expérimentales;Privé;F;40
Ariana;sciences expérimentales;Libre;M;9
Ariana;sciences expérimentales;Libre;F;31
Ariana;économie&gestion;Public;M;671
Ariana;économie&gestion;Public;F;1208
Ariana;économie&gestion;Privé;M;260
Ariana;économie&gestion;Privé;F;169
Ariana;économie&gestion;Libre;M;19
Ariana;économie&gestion;Libre;F;39
Ariana;sciences techniques;Public;M;328
Ariana;sciences techniques;Public;F;173
Ariana;sciences techniques;Privé;M;6
Ariana;sciences techniques;Privé;F;2
Ariana;sciences techniques;Libre;M;9
Ariana;sciences techniques;Libre;F;8
Ariana;sciences de l'informatique;Public;M;537
Ariana;sciences de l'informatique;Public;F;326
Ariana;sciences de l'informatique;Privé;M;65
Ariana;sciences de l'informatique;Privé;F;22
Ariana;sciences de l'informatique;Libre;M;10
Ariana;sciences de l'informatique;Libre;F;8
Ariana;sport;Public;M;18
Ariana;sport;Public;F;15
Ariana;sport;Libre;M;
Mannouba;lettres;Public;M;119
Mannouba;lettres;Public;F;497
Mannouba;lettres;Privé;M;23
Mannouba;lettres;Privé;F;29
Mannouba;lettres;Libre;M;6
Mannouba;lettres;Libre;F;17
Mannouba;mathématiques;Public;M;127
Mannouba;mathématiques;Public;F;160
Mannouba;mathématiques;Libre;M;1
Mannouba;mathématiques;Libre;F;4
Mannouba;sciences expérimentales;Public;M;148
Mannouba;sciences expérimentales;Public;F;707
Mannouba;sciences expérimentales;Privé;M;22
Mannouba;sciences expérimentales;Privé;F;44
Mannouba;sciences expérimentales;Libre;M;1
Mannouba;sciences expérimentales;Libre;F;17
Mannouba;économie&gestion;Public;M;518
Mannouba;économie&gestion;Public;F;944
Mannouba;économie&gestion;Privé;M;214
Mannouba;économie&gestion;Privé;F;110
Mannouba;économie&gestion;Libre;M;17
Mannouba;économie&gestion;Libre;F;19
Mannouba;sciences techniques;Public;M;429
Mannouba;sciences techniques;Public;F;267
Mannouba;sciences techniques;Privé;M;13
Mannouba;sciences techniques;Privé;F;4
Mannouba;sciences techniques;Libre;M;8
Mannouba;sciences techniques;Libre;F;
Mannouba;sciences de l'informatique;Public;M;351
Mannouba;sciences de l'informatique;Public;F;167
Mannouba;sciences de l'informatique;Privé;M;26
Mannouba;sciences de l'informatique;Privé;F;9
Mannouba;sciences de l'informatique;Libre;M;4
Mannouba;sciences de l'informatique;Libre;F;2
Mannouba;sport;Public;M;25
Mannouba;sport;Public;F;19
Ben Arous;lettres;Public;M;173
Ben Arous;lettres;Public;F;654
Ben Arous;lettres;Privé;M;45
Ben Arous;lettres;Privé;F;94
Ben Arous;lettres;Libre;M;19
Ben Arous;lettres;Libre;F;30
Ben Arous;mathématiques;Public;M;292
Ben Arous;mathématiques;Public;F;275
Ben Arous;mathématiques;Privé;M;2
Ben Arous;mathématiques;Privé;F;2
Ben Arous;mathématiques;Libre;M;5
Ben Arous;mathématiques;Libre;F;5
Ben Arous;sciences expérimentales;Public;M;317
Ben Arous;sciences expérimentales;Public;F;1144
Ben Arous;sciences expérimentales;Privé;M;29
Ben Arous;sciences expérimentales;Privé;F;72
Ben Arous;sciences expérimentales;Libre;M;8
Ben Arous;sciences expérimentales;Libre;F;35
Ben Arous;économie&gestion;Public;M;950
Ben Arous;économie&gestion;Public;F;1557
Ben Arous;économie&gestion;Privé;M;423
Ben Arous;économie&gestion;Privé;F;327
Ben Arous;économie&gestion;Libre;M;39
Ben Arous;économie&gestion;Libre;F;59
Ben Arous;sciences techniques;Public;M;485
Ben Arous;sciences techniques;Public;F;319
Ben Arous;sciences techniques;Privé;M;29
Ben Arous;sciences techniques;Privé;F;13
Ben Arous;sciences techniques;Libre;M;11
Ben Arous;sciences techniques;Libre;F;15
Ben Arous;sciences de l'informatique;Public;M;807
Ben Arous;sciences de l'informatique;Public;F;381
Ben Arous;sciences de l'informatique;Privé;M;121
Ben Arous;sciences de l'informatique;Privé;F;46
Ben Arous;sciences de l'informatique;Libre;M;13
Ben Arous;sciences de l'informatique;Libre;F;13
Ben Arous;sport;Public;M;23
Ben Arous;sport;Public;F;14
Zaghouan;lettres;Public;M;78
Zaghouan;lettres;Public;F;321
Zaghouan;lettres;Privé;M;42
Zaghouan;lettres;Privé;F;30
Zaghouan;lettres;Libre;M;4
Zaghouan;lettres;Libre;F;14
Zaghouan;mathématiques;Public;M;36
Zaghouan;mathématiques;Public;F;33
Zaghouan;mathématiques;Libre;F;2
Zaghouan;sciences expérimentales;Public;M;58
Zaghouan;sciences expérimentales;Public;F;248
Zaghouan;sciences expérimentales;Libre;M;3
Zaghouan;sciences expérimentales;Libre;F;9
Zaghouan;économie&gestion;Public;M;236
Zaghouan;économie&gestion;Public;F;448
Zaghouan;économie&gestion;Privé;M;54
Zaghouan;économie&gestion;Privé;F;32
Zaghouan;économie&gestion;Libre;M;7
Zaghouan;économie&gestion;Libre;F;6
Zaghouan;sciences techniques;Public;M;178
Zaghouan;sciences techniques;Public;F;141
Zaghouan;sciences techniques;Libre;M;5
Zaghouan;sciences techniques;Libre;F;3
Zaghouan;sciences de l'informatique;Public;M;33
Zaghouan;sciences de l'informatique;Public;F;24
Zaghouan;sciences de l'informatique;Libre;M;1
Zaghouan;sciences de l'informatique;Libre;F;2
Zaghouan;sport;Public;M;9
Zaghouan;sport;Public;F;9
Bizerte;lettres;Public;M;183
Bizerte;lettres;Public;F;823
Bizerte;lettres;Privé;M;48
Bizerte;lettres;Privé;F;68
Bizerte;lettres;Libre;M;6
Bizerte;lettres;Libre;F;26
Bizerte;mathématiques;Public;M;184
Bizerte;mathématiques;Public;F;242
Bizerte;mathématiques;Privé;M;15
Bizerte;mathématiques;Privé;F;11
Bizerte;mathématiques;Libre;M;1
Bizerte;mathématiques;Libre;F;2
Bizerte;sciences expérimentales;Public;M;199
Bizerte;sciences expérimentales;Public;F;967
Bizerte;sciences expérimentales;Privé;M;29
Bizerte;sciences expérimentales;Privé;F;56
Bizerte;sciences expérimentales;Libre;M;8
Bizerte;sciences expérimentales;Libre;F;23
Bizerte;économie&gestion;Public;M;739
Bizerte;économie&gestion;Public;F;1470
Bizerte;économie&gestion;Privé;M;299
Bizerte;économie&gestion;Privé;F;265
Bizerte;économie&gestion;Libre;M;22
Bizerte;économie&gestion;Libre;F;28
Bizerte;sciences techniques;Public;M;508
Bizerte;sciences techniques;Public;F;251
Bizerte;sciences techniques;Privé;M;23
Bizerte;sciences techniques;Privé;F;6
Bizerte;sciences techniques;Libre;M;16
Bizerte;sciences techniques;Libre;F;10
Bizerte;sciences de l'informatique;Public;M;351
Bizerte;sciences de l'informatique;Public;F;193
Bizerte;sciences de l'informatique;Privé;M;38
Bizerte;sciences de l'informatique;Privé;F;12
Bizerte;sciences de l'informatique;Libre;M;6
Bizerte;sciences de l'informatique;Libre;F;
Bizerte;sport;Public;M;19
Bizerte;sport;Public;F;22
Bizerte;sport;Libre;M;
Béja;lettres;Public;M;129
Béja;lettres;Public;F;679
Béja;lettres;Privé;M;38
Béja;lettres;Privé;F;35
Béja;lettres;Libre;M;4
Béja;lettres;Libre;F;10
Béja;mathématiques;Public;M;59
Béja;mathématiques;Public;F;56
Béja;mathématiques;Libre;M;3
Béja;mathématiques;Libre;F;
Béja;sciences expérimentales;Public;M;123
Béja;sciences expérimentales;Public;F;507
Béja;sciences expérimentales;Privé;M;75
Béja;sciences expérimentales;Privé;F;27
Béja;sciences expérimentales;Libre;M;2
Béja;sciences expérimentales;Libre;F;18
Béja;économie&gestion;Public;M;343
Béja;économie&gestion;Public;F;671
Béja;économie&gestion;Privé;M;83
Béja;économie&gestion;Privé;F;36
Béja;économie&gestion;Libre;M;12
Béja;économie&gestion;Libre;F;10
Béja;sciences techniques;Public;M;320
Béja;sciences techniques;Public;F;212
Béja;sciences techniques;Libre;M;3
Béja;sciences techniques;Libre;F;5
Béja;sciences de l'informatique;Public;M;84
Béja;sciences de l'informatique;Public;F;53
Béja;sciences de l'informatique;Privé;M;6
Béja;sciences de l'informatique;Privé;F;3
Béja;sciences de l'informatique;Libre;M;
Béja;sciences de l'informatique;Libre;F;1
Béja;sport;Public;M;37
Béja;sport;Public;F;17
Béja;sport;Libre;M;2
Béja;sport;Libre;F;1
Jendouba;lettres;Public;M;249
Jendouba;lettres;Public;F;892
Jendouba;lettres;Privé;M;93
Jendouba;lettres;Privé;F;59
Jendouba;lettres;Libre;M;13
Jendouba;lettres;Libre;F;36
Jendouba;mathématiques;Public;M;72
Jendouba;mathématiques;Public;F;116
Jendouba;mathématiques;Libre;F;2
Jendouba;sciences expérimentales;Public;M;132
Jendouba;sciences expérimentales;Public;F;618
Jendouba;sciences expérimentales;Privé;M;22
Jendouba;sciences expérimentales;Privé;F;12
Jendouba;sciences expérimentales;Libre;M;6
Jendouba;sciences expérimentales;Libre;F;22
Jendouba;économie&gestion;Public;M;473
Jendouba;économie&gestion;Public;F;877
Jendouba;économie&gestion;Privé;M;120
Jendouba;économie&gestion;Privé;F;59
Jendouba;économie&gestion;Libre;M;24
Jendouba;économie&gestion;Libre;F;40
Jendouba;sciences techniques;Public;M;315
Jendouba;sciences techniques;Public;F;312
Jendouba;sciences techniques;Libre;M;17
Jendouba;sciences techniques;Libre;F;7
Jendouba;sciences de l'informatique;Public;M;155
Jendouba;sciences de l'informatique;Public;F;101
Jendouba;sciences de l'informatique;Libre;M;5
Jendouba;sciences de l'informatique;Libre;F;5
Jendouba;sport;Public;M;27
Jendouba;sport;Public;F;12
Siliana;lettres;Public;M;207
Siliana;lettres;Public;F;600
Siliana;lettres;Privé;M;90
Siliana;lettres;Privé;F;30
Siliana;lettres;Libre;M;15
Siliana;lettres;Libre;F;25
Siliana;mathématiques;Public;M;45
Siliana;mathématiques;Public;F;56
Siliana;mathématiques;Libre;M;3
Siliana;mathématiques;Libre;F;1
Siliana;sciences expérimentales;Public;M;93
Siliana;sciences expérimentales;Public;F;387
Siliana;sciences expérimentales;Libre;M;1
Siliana;sciences expérimentales;Libre;F;12
Siliana;économie&gestion;Public;M;258
Siliana;économie&gestion;Public;F;435
Siliana;économie&gestion;Libre;M;5
Siliana;économie&gestion;Libre;F;11
Siliana;sciences techniques;Public;M;237
Siliana;sciences techniques;Public;F;172
Siliana;sciences techniques;Libre;M;3
Siliana;sciences techniques;Libre;F;3
Siliana;sciences de l'informatique;Public;M;66
Siliana;sciences de l'informatique;Public;F;48
Siliana;sciences de l'informatique;Libre;M;1
Siliana;sciences de l'informatique;Libre;F;2
Siliana;sport;Public;M;13
Siliana;sport;Public;F;12
Le Kef;lettres;Public;M;258
Le Kef;lettres;Public;F;724
Le Kef;lettres;Privé;M;170
Le Kef;lettres;Privé;F;92
Le Kef;lettres;Libre;M;18
Le Kef;lettres;Libre;F;22
Le Kef;mathématiques;Public;M;54
Le Kef;mathématiques;Public;F;40
Le Kef;mathématiques;Libre;M;
Le Kef;mathématiques;Libre;F;1
Le Kef;sciences expérimentales;Public;M;152
Le Kef;sciences expérimentales;Public;F;512
Le Kef;sciences expérimentales;Libre;M;4
Le Kef;sciences expérimentales;Libre;F;15
Le Kef;économie&gestion;Public;M;310
Le Kef;économie&gestion;Public;F;407
Le Kef;économie&gestion;Libre;M;5
Le Kef;économie&gestion;Libre;F;10
Le Kef;sciences techniques;Public;M;255
Le Kef;sciences techniques;Public;F;161
Le Kef;sciences techniques;Libre;M;4
Le Kef;sciences techniques;Libre;F;5
Le Kef;sciences de l'informatique;Public;M;48
Le Kef;sciences de l'informatique;Public;F;18
Le Kef;sciences de l'informatique;Libre;M;
Le Kef;sciences de l'informatique;Libre;F;
Le Kef;sport;Public;M;18
Le Kef;sport;Public;F;11
Le Kef;sport;Libre;M;
Kasserine;lettres;Public;M;360
Kasserine;lettres;Public;F;1182
Kasserine;lettres;Privé;M;274
Kasserine;lettres;Privé;F;199
Kasserine;lettres;Libre;M;49
Kasserine;lettres;Libre;F;92
Kasserine;mathématiques;Public;M;51
Kasserine;mathématiques;Public;F;72
Kasserine;mathématiques;Privé;M;16
Kasserine;mathématiques;Privé;F;20
Kasserine;mathématiques;Libre;M;1
Kasserine;mathématiques;Libre;F;4
Kasserine;sciences expérimentales;Public;M;295
Kasserine;sciences expérimentales;Public;F;881
Kasserine;sciences expérimentales;Privé;M;47
Kasserine;sciences expérimentales;Privé;F;72
Kasserine;sciences expérimentales;Libre;M;11
Kasserine;sciences expérimentales;Libre;F;28
Kasserine;économie&gestion;Public;M;321
Kasserine;économie&gestion;Public;F;679
Kasserine;économie&gestion;Privé;M;69
Kasserine;économie&gestion;Privé;F;46
Kasserine;économie&gestion;Libre;M;16
Kasserine;économie&gestion;Libre;F;21
Kasserine;sciences techniques;Public;M;316
Kasserine;sciences techniques;Public;F;189
Kasserine;sciences techniques;Libre;M;17
Kasserine;sciences techniques;Libre;F;13
Kasserine;sciences de l'informatique;Public;M;115
Kasserine;sciences de l'informatique;Public;F;77
Kasserine;sciences de l'informatique;Privé;M;8
Kasserine;sciences de l'informatique;Privé;F;6
Kasserine;sciences de l'informatique;Libre;M;2
Kasserine;sciences de l'informatique;Libre;F;6
Kasserine;sport;Public;M;35
Kasserine;sport;Public;F;21
Sidi Bouzid;lettres;Public;M;311
Sidi Bouzid;lettres;Public;F;786
Sidi Bouzid;lettres;Privé;M;146
Sidi Bouzid;lettres;Privé;F;96
Sidi Bouzid;lettres;Libre;M;66
Sidi Bouzid;lettres;Libre;F;123
Sidi Bouzid;mathématiques;Public;M;73
Sidi Bouzid;mathématiques;Public;F;76
Sidi Bouzid;mathématiques;Privé;M;6
Sidi Bouzid;mathématiques;Privé;F;5
Sidi Bouzid;mathématiques;Libre;M;4
Sidi Bouzid;mathématiques;Libre;F;2
Sidi Bouzid;sciences expérimentales;Public;M;169
Sidi Bouzid;sciences expérimentales;Public;F;599
Sidi Bouzid;sciences expérimentales;Privé;M;54
Sidi Bouzid;sciences expérimentales;Privé;F;81
Sidi Bouzid;sciences expérimentales;Libre;M;12
Sidi Bouzid;sciences expérimentales;Libre;F;27
Sidi Bouzid;économie&gestion;Public;M;387
Sidi Bouzid;économie&gestion;Public;F;797
Sidi Bouzid;économie&gestion;Privé;M;118
Sidi Bouzid;économie&gestion;Privé;F;77
Sidi Bouzid;économie&gestion;Libre;M;31
Sidi Bouzid;économie&gestion;Libre;F;60
Sidi Bouzid;sciences techniques;Public;M;423
Sidi Bouzid;sciences techniques;Public;F;299
Sidi Bouzid;sciences techniques;Privé;M;60
Sidi Bouzid;sciences techniques;Privé;F;15
Sidi Bouzid;sciences techniques;Libre;M;25
Sidi Bouzid;sciences techniques;Libre;F;19
Sidi Bouzid;sciences de l'informatique;Public;M;102
Sidi Bouzid;sciences de l'informatique;Public;F;28
Sidi Bouzid;sciences de l'informatique;Libre;M;10
Sidi Bouzid;sciences de l'informatique;Libre;F;4
Sidi Bouzid;sport;Public;M;44
Sidi Bouzid;sport;Public;F;29
Gafsa;lettres;Public;M;372
Gafsa;lettres;Public;F;938
Gafsa;lettres;Privé;M;124
Gafsa;lettres;Privé;F;83
Gafsa;lettres;Libre;M;40
Gafsa;lettres;Libre;F;72
Gafsa;mathématiques;Public;M;36
Gafsa;mathématiques;Public;F;55
Gafsa;mathématiques;Privé;M;21
Gafsa;mathématiques;Privé;F;13
Gafsa;mathématiques;Libre;M;2
Gafsa;mathématiques;Libre;F;3
Gafsa;sciences expérimentales;Public;M;284
Gafsa;sciences expérimentales;Public;F;940
Gafsa;sciences expérimentales;Privé;M;241
Gafsa;sciences expérimentales;Privé;F;203
Gafsa;sciences expérimentales;Libre;M;23
Gafsa;sciences expérimentales;Libre;F;38
Gafsa;économie&gestion;Public;M;164
Gafsa;économie&gestion;Public;F;415
Gafsa;économie&gestion;Privé;M;27
Gafsa;économie&gestion;Privé;F;43
Gafsa;économie&gestion;Libre;M;8
Gafsa;économie&gestion;Libre;F;20
Gafsa;sciences techniques;Public;M;331
Gafsa;sciences techniques;Public;F;241
Gafsa;sciences techniques;Privé;M;45
Gafsa;sciences techniques;Privé;F;16
Gafsa;sciences techniques;Libre;M;9
Gafsa;sciences techniques;Libre;F;15
Gafsa;sciences de l'informatique;Public;M;144
Gafsa;sciences de l'informatique;Public;F;122
Gafsa;sciences de l'informatique;Privé;M;12
Gafsa;sciences de l'informatique;Privé;F;6
Gafsa;sciences de l'informatique;Libre;M;3
Gafsa;sciences de l'informatique;Libre;F;6
Gafsa;sport;Public;M;36
Gafsa;sport;Public;F;27
Gafsa;sport;Libre;F;2
Tozeur;lettres;Public;M;60
Tozeur;lettres;Public;F;189
Tozeur;lettres;Privé;M;24
Tozeur;lettres;Privé;F;19
Tozeur;lettres;Libre;M;7
Tozeur;lettres;Libre;F;15
Tozeur;mathématiques;Public;M;22
Tozeur;mathématiques;Public;F;30
Tozeur;mathématiques;Privé;M;4
Tozeur;mathématiques;Privé;F;6
Tozeur;sciences expérimentales;Public;M;75
Tozeur;sciences expérimentales;Public;F;274
Tozeur;sciences expérimentales;Privé;M;4
Tozeur;sciences expérimentales;Privé;F;18
Tozeur;sciences expérimentales;Libre;M;3
Tozeur;sciences expérimentales;Libre;F;13
Tozeur;économie&gestion;Public;M;111
Tozeur;économie&gestion;Public;F;243
Tozeur;économie&gestion;Privé;M;46
Tozeur;économie&gestion;Privé;F;30
Tozeur;économie&gestion;Libre;M;4
Tozeur;économie&gestion;Libre;F;8
Tozeur;sciences techniques;Public;M;157
Tozeur;sciences techniques;Public;F;129
Tozeur;sciences techniques;Libre;M;4
Tozeur;sciences techniques;Libre;F;5
Tozeur;sciences de l'informatique;Public;M;31
Tozeur;sciences de l'informatique;Public;F;30
Tozeur;sciences de l'informatique;Privé;M;22
Tozeur;sciences de l'informatique;Privé;F;3
Tozeur;sciences de l'informatique;Libre;M;4
Tozeur;sciences de l'informatique;Libre;F;1
Tozeur;sport;Public;M;18
Tozeur;sport;Public;F;7
Tozeur;sport;Libre;M;2
Kébili;lettres;Public;M;70
Kébili;lettres;Public;F;271
Kébili;lettres;Privé;M;13
Kébili;lettres;Privé;F;19
Kébili;lettres;Libre;M;10
Kébili;lettres;Libre;F;13
Kébili;mathématiques;Public;M;31
Kébili;mathématiques;Public;F;33
Kébili;mathématiques;Libre;M;
Kébili;mathématiques;Libre;F;
Kébili;sciences expérimentales;Public;M;81
Kébili;sciences expérimentales;Public;F;392
Kébili;sciences expérimentales;Privé;M;2
Kébili;sciences expérimentales;Privé;F;6
Kébili;sciences expérimentales;Libre;M;2
Kébili;sciences expérimentales;Libre;F;8
Kébili;économie&gestion;Public;M;145
Kébili;économie&gestion;Public;F;394
Kébili;économie&gestion;Privé;M;120
Kébili;économie&gestion;Privé;F;93
Kébili;économie&gestion;Libre;M;14
Kébili;économie&gestion;Libre;F;18
Kébili;sciences techniques;Public;M;175
Kébili;sciences techniques;Public;F;152
Kébili;sciences techniques;Libre;M;3
Kébili;sciences techniques;Libre;F;4
Kébili;sciences de l'informatique;Public;M;55
Kébili;sciences de l'informatique;Public;F;48
Kébili;sciences de l'informatique;Libre;M;1
Kébili;sciences de l'informatique;Libre;F;1
Kébili;sport;Public;M;26
Kébili;sport;Public;F;15
Kébili;sport;Libre;M;
Kébili;sport;Libre;F;
Tataouine;lettres;Public;M;23
Tataouine;lettres;Public;F;195
Tataouine;lettres;Privé;M;8
Tataouine;lettres;Privé;F;38
Tataouine;lettres;Libre;M;2
Tataouine;lettres;Libre;F;17
Tataouine;mathématiques;Public;M;9
Tataouine;mathématiques;Public;F;14
Tataouine;mathématiques;Libre;F;
Tataouine;sciences expérimentales;Public;M;63
Tataouine;sciences expérimentales;Public;F;282
Tataouine;sciences expérimentales;Privé;M;11
Tataouine;sciences expérimentales;Privé;F;17
Tataouine;sciences expérimentales;Libre;M;2
Tataouine;sciences expérimentales;Libre;F;17
Tataouine;économie&gestion;Public;M;93
Tataouine;économie&gestion;Public;F;300
Tataouine;économie&gestion;Privé;M;19
Tataouine;économie&gestion;Privé;F;22
Tataouine;économie&gestion;Libre;M;4
Tataouine;économie&gestion;Libre;F;10
Tataouine;sciences techniques;Public;M;113
Tataouine;sciences techniques;Public;F;77
Tataouine;sciences techniques;Libre;M;3
Tataouine;sciences techniques;Libre;F;4
Tataouine;sciences de l'informatique;Public;M;41
Tataouine;sciences de l'informatique;Public;F;25
Tataouine;sciences de l'informatique;Libre;F;2
Médenine;lettres;Public;M;96
Médenine;lettres;Public;F;674
Médenine;lettres;Privé;M;42
Médenine;lettres;Privé;F;46
Médenine;lettres;Libre;M;9
Médenine;lettres;Libre;F;40
Médenine;mathématiques;Public;M;122
Médenine;mathématiques;Public;F;134
Médenine;mathématiques;Libre;M;2
Médenine;mathématiques;Libre;F;1
Médenine;sciences expérimentales;Public;M;186
Médenine;sciences expérimentales;Public;F;874
Médenine;sciences expérimentales;Privé;M;16
Médenine;sciences expérimentales;Privé;F;30
Médenine;sciences expérimentales;Libre;M;8
Médenine;sciences expérimentales;Libre;F;24
Médenine;économie&gestion;Public;M;312
Médenine;économie&gestion;Public;F;1005
Médenine;économie&gestion;Privé;M;70
Médenine;économie&gestion;Privé;F;122
Médenine;économie&gestion;Libre;M;8
Médenine;économie&gestion;Libre;F;37
Médenine;sciences techniques;Public;M;333
Médenine;sciences techniques;Public;F;281
Médenine;sciences techniques;Privé;M;28
Médenine;sciences techniques;Privé;F;15
Médenine;sciences techniques;Libre;M;11
Médenine;sciences techniques;Libre;F;10
Médenine;sciences de l'informatique;Public;M;285
Médenine;sciences de l'informatique;Public;F;155
Médenine;sciences de l'informatique;Privé;M;43
Médenine;sciences de l'informatique;Privé;F;18
Médenine;sciences de l'informatique;Libre;M;4
Médenine;sciences de l'informatique;Libre;F;9
Médenine;sport;Public;M;26
Médenine;sport;Public;F;13
Médenine;sport;Libre;M;
Gabès;lettres;Public;M;97
Gabès;lettres;Public;F;531
Gabès;lettres;Privé;M;19
Gabès;lettres;Privé;F;52
Gabès;lettres;Libre;M;4
Gabès;lettres;Libre;F;31
Gabès;mathématiques;Public;M;88
Gabès;mathématiques;Public;F;123
Gabès;mathématiques;Privé;M;4
Gabès;mathématiques;Privé;F;3
Gabès;mathématiques;Libre;M;1
Gabès;mathématiques;Libre;F;2
Gabès;sciences expérimentales;Public;M;149
Gabès;sciences expérimentales;Public;F;766
Gabès;sciences expérimentales;Privé;M;41
Gabès;sciences expérimentales;Privé;F;47
Gabès;sciences expérimentales;Libre;M;11
Gabès;sciences expérimentales;Libre;F;24
Gabès;économie&gestion;Public;M;303
Gabès;économie&gestion;Public;F;879
Gabès;économie&gestion;Privé;M;99
Gabès;économie&gestion;Privé;F;130
Gabès;économie&gestion;Libre;M;14
Gabès;économie&gestion;Libre;F;35
Gabès;sciences techniques;Public;M;327
Gabès;sciences techniques;Public;F;209
Gabès;sciences techniques;Privé;M;1
Gabès;sciences techniques;Privé;F;
Gabès;sciences techniques;Libre;M;11
Gabès;sciences techniques;Libre;F;12
Gabès;sciences de l'informatique;Public;M;142
Gabès;sciences de l'informatique;Public;F;89
Gabès;sciences de l'informatique;Privé;M;56
Gabès;sciences de l'informatique;Privé;F;25
Gabès;sciences de l'informatique;Libre;M;1
Gabès;sciences de l'informatique;Libre;F;3
Gabès;sport;Public;M;22
Gabès;sport;Public;F;28
Sfax 1;lettres;Public;M;102
Sfax 1;lettres;Public;F;510
Sfax 1;lettres;Privé;M;44
Sfax 1;lettres;Privé;F;78
Sfax 1;lettres;Libre;M;8
Sfax 1;lettres;Libre;F;32
Sfax 1;mathématiques;Public;M;348
Sfax 1;mathématiques;Public;F;338
Sfax 1;mathématiques;Privé;M;6
Sfax 1;mathématiques;Privé;F;
Sfax 1;mathématiques;Libre;M;2
Sfax 1;mathématiques;Libre;F;3
Sfax 1;sciences expérimentales;Public;M;274
Sfax 1;sciences expérimentales;Public;F;971
Sfax 1;sciences expérimentales;Privé;M;42
Sfax 1;sciences expérimentales;Privé;F;82
Sfax 1;sciences expérimentales;Libre;M;2
Sfax 1;sciences expérimentales;Libre;F;24
Sfax 1;économie&gestion;Public;M;567
Sfax 1;économie&gestion;Public;F;1166
Sfax 1;économie&gestion;Privé;M;384
Sfax 1;économie&gestion;Privé;F;352
Sfax 1;économie&gestion;Libre;M;17
Sfax 1;économie&gestion;Libre;F;30
Sfax 1;sciences techniques;Public;M;529
Sfax 1;sciences techniques;Public;F;222
Sfax 1;sciences techniques;Privé;M;103
Sfax 1;sciences techniques;Privé;F;38
Sfax 1;sciences techniques;Libre;M;12
Sfax 1;sciences techniques;Libre;F;8
Sfax 1;sciences de l'informatique;Public;M;148
Sfax 1;sciences de l'informatique;Public;F;68
Sfax 1;sciences de l'informatique;Privé;M;48
Sfax 1;sciences de l'informatique;Privé;F;12
Sfax 1;sciences de l'informatique;Libre;M;1
Sfax 1;sciences de l'informatique;Libre;F;1
Sfax 1;sport;Public;M;58
Sfax 1;sport;Public;F;53
Sfax 1;sport;Libre;M;
Sfax 1;sport;Libre;F;1
Sfax 2;lettres;Public;M;92
Sfax 2;lettres;Public;F;391
Sfax 2;lettres;Privé;M;10
Sfax 2;lettres;Privé;F;8
Sfax 2;lettres;Libre;M;4
Sfax 2;lettres;Libre;F;16
Sfax 2;mathématiques;Public;M;201
Sfax 2;mathématiques;Public;F;181
Sfax 2;mathématiques;Libre;M;
Sfax 2;mathématiques;Libre;F;3
Sfax 2;sciences expérimentales;Public;M;188
Sfax 2;sciences expérimentales;Public;F;735
Sfax 2;sciences expérimentales;Libre;M;2
Sfax 2;sciences expérimentales;Libre;F;21
Sfax 2;économie&gestion;Public;M;451
Sfax 2;économie&gestion;Public;F;883
Sfax 2;économie&gestion;Privé;M;68
Sfax 2;économie&gestion;Privé;F;40
Sfax 2;économie&gestion;Libre;M;12
Sfax 2;économie&gestion;Libre;F;22
Sfax 2;sciences techniques;Public;M;384
Sfax 2;sciences techniques;Public;F;157
Sfax 2;sciences techniques;Libre;M;6
Sfax 2;sciences techniques;Libre;F;1
Sfax 2;sciences de l'informatique;Public;M;87
Sfax 2;sciences de l'informatique;Public;F;41
Sfax 2;sciences de l'informatique;Libre;M;2
Sfax 2;sciences de l'informatique;Libre;F;1
Mahdia;lettres;Public;M;95
Mahdia;lettres;Public;F;576
Mahdia;lettres;Privé;M;32
Mahdia;lettres;Privé;F;69
Mahdia;lettres;Libre;M;6
Mahdia;lettres;Libre;F;24
Mahdia;mathématiques;Public;M;86
Mahdia;mathématiques;Public;F;145
Mahdia;mathématiques;Libre;M;2
Mahdia;mathématiques;Libre;F;3
Mahdia;sciences expérimentales;Public;M;131
Mahdia;sciences expérimentales;Public;F;584
Mahdia;sciences expérimentales;Libre;M;
Mahdia;sciences expérimentales;Libre;F;16
Mahdia;économie&gestion;Public;M;310
Mahdia;économie&gestion;Public;F;796
Mahdia;économie&gestion;Privé;M;70
Mahdia;économie&gestion;Privé;F;98
Mahdia;économie&gestion;Libre;M;8
Mahdia;économie&gestion;Libre;F;16
Mahdia;sciences techniques;Public;M;326
Mahdia;sciences techniques;Public;F;285
Mahdia;sciences techniques;Privé;M;24
Mahdia;sciences techniques;Privé;F;10
Mahdia;sciences techniques;Libre;M;2
Mahdia;sciences techniques;Libre;F;7
Mahdia;sciences de l'informatique;Public;M;97
Mahdia;sciences de l'informatique;Public;F;71
Mahdia;sciences de l'informatique;Libre;M;2
Mahdia;sciences de l'informatique;Libre;F;4
Mahdia;sport;Public;M;19
Mahdia;sport;Public;F;33
Kairouan;lettres;Public;M;201
Kairouan;lettres;Public;F;929
Kairouan;lettres;Privé;M;100
Kairouan;lettres;Privé;F;144
Kairouan;lettres;Libre;M;11
Kairouan;lettres;Libre;F;50
Kairouan;mathématiques;Public;M;103
Kairouan;mathématiques;Public;F;121
Kairouan;mathématiques;Privé;M;24
Kairouan;mathématiques;Privé;F;13
Kairouan;mathématiques;Libre;M;1
Kairouan;mathématiques;Libre;F;
Kairouan;sciences expérimentales;Public;M;179
Kairouan;sciences expérimentales;Public;F;843
Kairouan;sciences expérimentales;Privé;M;33
Kairouan;sciences expérimentales;Privé;F;95
Kairouan;sciences expérimentales;Libre;M;5
Kairouan;sciences expérimentales;Libre;F;15
Kairouan;économie&gestion;Public;M;583
Kairouan;économie&gestion;Public;F;1282
Kairouan;économie&gestion;Privé;M;175
Kairouan;économie&gestion;Privé;F;141
Kairouan;économie&gestion;Libre;M;9
Kairouan;économie&gestion;Libre;F;27
Kairouan;sciences techniques;Public;M;426
Kairouan;sciences techniques;Public;F;358
Kairouan;sciences techniques;Privé;M;62
Kairouan;sciences techniques;Privé;F;26
Kairouan;sciences techniques;Libre;M;10
Kairouan;sciences techniques;Libre;F;15
Kairouan;sciences de l'informatique;Public;M;132
Kairouan;sciences de l'informatique;Public;F;97
Kairouan;sciences de l'informatique;Privé;M;15
Kairouan;sciences de l'informatique;Privé;F;4
Kairouan;sciences de l'informatique;Libre;M;3
Kairouan;sciences de l'informatique;Libre;F;1
Kairouan;sport;Public;M;42
Kairouan;sport;Public;F;37
Kairouan;sport;Libre;M;
Kairouan;sport;Libre;F;
Monastir;lettres;Public;M;120
Monastir;lettres;Public;F;615
Monastir;lettres;Privé;M;14
Monastir;lettres;Privé;F;44
Monastir;lettres;Libre;M;11
Monastir;lettres;Libre;F;28
Monastir;mathématiques;Public;M;229
Monastir;mathématiques;Public;F;267
Monastir;mathématiques;Privé;M;10
Monastir;mathématiques;Privé;F;11
Monastir;mathématiques;Libre;M;2
Monastir;mathématiques;Libre;F;9
Monastir;sciences expérimentales;Public;M;203
Monastir;sciences expérimentales;Public;F;970
Monastir;sciences expérimentales;Privé;M;19
Monastir;sciences expérimentales;Privé;F;53
Monastir;sciences expérimentales;Libre;M;6
Monastir;sciences expérimentales;Libre;F;22
Monastir;économie&gestion;Public;M;578
Monastir;économie&gestion;Public;F;1358
Monastir;économie&gestion;Privé;M;199
Monastir;économie&gestion;Privé;F;199
Monastir;économie&gestion;Libre;M;24
Monastir;économie&gestion;Libre;F;37
Monastir;sciences techniques;Public;M;718
Monastir;sciences techniques;Public;F;598
Monastir;sciences techniques;Privé;M;119
Monastir;sciences techniques;Privé;F;59
Monastir;sciences techniques;Libre;M;12
Monastir;sciences techniques;Libre;F;7
Monastir;sciences de l'informatique;Public;M;268
Monastir;sciences de l'informatique;Public;F;220
Monastir;sciences de l'informatique;Privé;M;14
Monastir;sciences de l'informatique;Privé;F;9
Monastir;sciences de l'informatique;Libre;M;3
Monastir;sciences de l'informatique;Libre;F;4
Monastir;sport;Public;M;66
Monastir;sport;Public;F;60
Sousse;lettres;Public;M;248
Sousse;lettres;Public;F;1025
Sousse;lettres;Privé;M;35
Sousse;lettres;Privé;F;59
Sousse;lettres;Libre;M;15
Sousse;lettres;Libre;F;53
Sousse;mathématiques;Public;M;250
Sousse;mathématiques;Public;F;298
Sousse;mathématiques;Privé;M;22
Sousse;mathématiques;Privé;F;21
Sousse;mathématiques;Libre;M;1
Sousse;mathématiques;Libre;F;6
Sousse;sciences expérimentales;Public;M;212
Sousse;sciences expérimentales;Public;F;1088
Sousse;sciences expérimentales;Privé;M;43
Sousse;sciences expérimentales;Privé;F;117
Sousse;sciences expérimentales;Libre;M;8
Sousse;sciences expérimentales;Libre;F;39
Sousse;économie&gestion;Public;M;662
Sousse;économie&gestion;Public;F;1304
Sousse;économie&gestion;Privé;M;261
Sousse;économie&gestion;Privé;F;210
Sousse;économie&gestion;Libre;M;12
Sousse;économie&gestion;Libre;F;45
Sousse;sciences techniques;Public;M;809
Sousse;sciences techniques;Public;F;565
Sousse;sciences techniques;Privé;M;160
Sousse;sciences techniques;Privé;F;47
Sousse;sciences techniques;Libre;M;17
Sousse;sciences techniques;Libre;F;22
Sousse;sciences de l'informatique;Public;M;230
Sousse;sciences de l'informatique;Public;F;102
Sousse;sciences de l'informatique;Privé;M;19
Sousse;sciences de l'informatique;Privé;F;8
Sousse;sciences de l'informatique;Libre;M;5
Sousse;sciences de l'informatique;Libre;F;3
Sousse;sport;Public;M;79
Sousse;sport;Public;F;58
Nabeul;lettres;Public;M;251
Nabeul;lettres;Public;F;1048
Nabeul;lettres;Privé;M;65
Nabeul;lettres;Privé;F;109
Nabeul;lettres;Libre;M;17
Nabeul;lettres;Libre;F;65
Nabeul;mathématiques;Public;M;215
Nabeul;mathématiques;Public;F;286
Nabeul;mathématiques;Privé;M;29
Nabeul;mathématiques;Privé;F;28
Nabeul;mathématiques;Libre;M;3
Nabeul;mathématiques;Libre;F;4
Nabeul;sciences expérimentales;Public;M;241
Nabeul;sciences expérimentales;Public;F;1153
Nabeul;sciences expérimentales;Privé;M;20
Nabeul;sciences expérimentales;Privé;F;97
Nabeul;sciences expérimentales;Libre;M;11
Nabeul;sciences expérimentales;Libre;F;30
Nabeul;économie&gestion;Public;M;848
Nabeul;économie&gestion;Public;F;1529
Nabeul;économie&gestion;Privé;M;476
Nabeul;économie&gestion;Privé;F;398
Nabeul;économie&gestion;Libre;M;24
Nabeul;économie&gestion;Libre;F;58
Nabeul;sciences techniques;Public;M;611
Nabeul;sciences techniques;Public;F;486
Nabeul;sciences techniques;Privé;M;79
Nabeul;sciences techniques;Privé;F;28
Nabeul;sciences techniques;Libre;M;9
Nabeul;sciences techniques;Libre;F;13
Nabeul;sciences de l'informatique;Public;M;477
Nabeul;sciences de l'informatique;Public;F;401
Nabeul;sciences de l'informatique;Privé;M;92
Nabeul;sciences de l'informatique;Privé;F;40
Nabeul;sciences de l'informatique;Libre;M;6
Nabeul;sciences de l'informatique;Libre;F;8
Nabeul;sport;Public;M;29
Nabeul;sport;Public;F;30
