_id,الولاية,عدد العائلات,عدد الأطفال,إناث,ذكور
1,أريانة,4493,4747,9240,5201
2,باجة,6461,6859,13320,7324
3,بن عروس,4819,5357,10176,5564
4,بنزرت,7475,8017,15492,8605
5,قابس,8242,8641,16883,8753
6,قفصة,8195,8847,17042,8763
7,جندوبة,13578,14556,28134,15191
8,القيروان,20610,21923,42533,20031
9,القصرين,21165,21773,42938,20175
10,قبلي,3289,3449,6738,3516
11,الكاف,6121,6409,12530,7123
12,المهدية,9656,9908,19564,9386
13,منوبة,3959,4237,8196,4635
14,مدنين,8761,9176,17937,9186
15,المنستير,5510,5752,11262,5452
16,نابل,8656,9236,17892,10008
17,صفاقس,14606,15376,29982,15963
18,سيدي بوزيد,16687,17796,34483,16862
19,سليانة,8481,8999,17480,8775
20,سوسة,7007,7099,14106,7073
21,تطاوين,3334,3525,6859,3433
22,توزر,3270,3479,6749,3495
23,تونس,7723,8076,15799,9060
24,زغوان,3537,3666,7203,3584
25,المجموع,205635,216903,422538,217158
